{"debugger/reward_stds": 196.16659545898438, "debugger/reward_stds_nor": 0.4904164969921112, "_timestamp": 1678910477, "_runtime": 88, "_step": 61028, "debugger/entropy": 0.5774555802345276, "_wandb": {"runtime": 86}}