{"debugger/reward_stds": 47.14870071411133, "debugger/reward_stds_nor": 0.11787176132202148, "_timestamp": 1678909714, "_runtime": 37, "_step": 20022, "debugger/entropy": 0.6620362997055054, "_wandb": {"runtime": 35}}