{"train/full_episode_length": 24, "train/0_reward": 24.0, "train/0_episode_length": 24, "0_step": 500, "train_step": 500, "test_step": 2, "_timestamp": 1678912511, "_runtime": 5, "_step": 43, "0/epsilon": 1.0, "test/full_episode_length": 10.200000000000001, "test/0_reward": 10.200000000000001, "test/0_episode_length": 10.200000000000001, "debugger/entropy": 0.6920463442802429, "_wandb": {"runtime": 5}}