{"debugger/entropy": 0.6929767727851868, "_timestamp": 1679165047, "_runtime": 155, "_step": 7850, "train/full_episode_length": 100, "train/0_reward": 100.0, "train/0_episode_length": 100, "0_step": 4100, "train_step": 4100, "test_step": 20, "0/epsilon": 0.1, "test/full_episode_length": 103.60000000000001, "test/0_reward": 103.60000000000001, "test/0_episode_length": 103.60000000000001, "_wandb": {"runtime": 283}}