{"train/full_episode_length": 9, "train/0_reward": 9.0, "train/0_episode_length": 9, "0_step": 5003, "train_step": 5003, "test_step": 26, "_timestamp": 1679184598, "_runtime": 58, "_step": 590, "0/epsilon": 0.1, "test/full_episode_length": 10.200000000000001, "test/0_reward": 10.200000000000001, "test/0_episode_length": 10.200000000000001, "_wandb": {"runtime": 56}}