{"train/full_episode_length": 10, "train/0_reward": 10.0, "train/0_episode_length": 10, "0_step": 500, "train_step": 500, "test_step": 2, "_timestamp": 1679155925, "_runtime": 9, "_step": 32, "0/epsilon": 1.0, "test/full_episode_length": 13.299999999999999, "test/0_reward": 13.299999999999999, "test/0_episode_length": 13.299999999999999}