{"train/full_episode_length": 100, "train/0_reward": 100.0, "train/0_episode_length": 100, "0_step": 5051, "train_step": 5051, "test_step": 26, "_timestamp": 1679229118, "_runtime": 74, "_step": 5001, "0/epsilon": 0.1, "test/full_episode_length": 110.0, "test/0_reward": 110.0, "test/0_episode_length": 110.0, "debugger/reward_stds": [17.897857666015625, 34.55912780761719, 39.8371696472168, 0.0, 0.0], "_wandb": {"runtime": 75}}