{"train/full_episode_length": 9, "train/0_reward": 9.0, "train/0_episode_length": 9, "0_step": 4116, "train_step": 4116, "test_step": 20, "_timestamp": 1679189041, "_runtime": 23, "_step": 4639, "debugger/entropy": 0.12829285860061646, "0/epsilon": 0.1, "test/full_episode_length": 10.000000000000002, "test/0_reward": 10.000000000000002, "test/0_episode_length": 10.000000000000002, "_wandb": {"runtime": 22}}