{"train/full_episode_length": 11, "train/0_reward": 11.0, "train/0_episode_length": 11, "0_step": 500, "train_step": 500, "test_step": 2, "_timestamp": 1679160752, "_runtime": 9, "_step": 28, "0/epsilon": 1.0, "test/full_episode_length": 10.300000000000002, "test/0_reward": 10.300000000000002, "test/0_episode_length": 10.300000000000002, "_wandb": {"runtime": 23}}