{"debugger/reward_variance": 9211.555555555557, "_timestamp": 1678762111, "_runtime": 228, "_step": 188312, "debugger/entropy": 0.5881551504135132, "_wandb": {"runtime": 226}}