{"train/full_episode_length": 9, "train/0_reward": 9.0, "train/0_episode_length": 9, "0_step": 3362, "train_step": 3362, "test_step": 16, "_timestamp": 1679190941, "_runtime": 111, "_step": 3795, "debugger/entropy": 0.10135705769062042, "0/epsilon": 0.1, "test/full_episode_length": 9.700000000000001, "test/0_reward": 9.700000000000001, "test/0_episode_length": 9.700000000000001, "_wandb": {"runtime": 110}}