{"train/full_episode_length": 9, "train/0_reward": 9.0, "train/0_episode_length": 9, "0_step": 1778, "train_step": 1778, "test_step": 8, "_timestamp": 1679191338, "_runtime": 74, "_step": 1990, "debugger/entropy": 0.15066038072109222, "0/epsilon": 0.1, "test/full_episode_length": 10.200000000000001, "test/0_reward": 10.200000000000001, "test/0_episode_length": 10.200000000000001, "_wandb": {"runtime": 73}}