{"train/full_episode_length": 16, "train/0_reward": 16.0, "train/0_episode_length": 16, "0_step": 500, "train_step": 500, "test_step": 2, "_timestamp": 1679159159, "_runtime": 10, "_step": 33, "0/epsilon": 1.0, "test/full_episode_length": 30.700000000000003, "test/0_reward": 30.700000000000003, "test/0_episode_length": 30.700000000000003}