{"train/full_episode_length": 27, "train/0_reward": 27.0, "train/0_episode_length": 27, "0_step": 500, "train_step": 500, "test_step": 2, "_timestamp": 1679158498, "_runtime": 9, "_step": 29, "0/epsilon": 1.0, "test/full_episode_length": 10.500000000000002, "test/0_reward": 10.500000000000002, "test/0_episode_length": 10.500000000000002}