{"train/full_episode_length": 91, "train/0_reward": 91.0, "train/0_episode_length": 91, "0_step": 4000, "train_step": 4000, "test_step": 19, "_timestamp": 1679199138, "_runtime": 54, "_step": 3896, "0/epsilon": 0.1, "test/full_episode_length": 106.10000000000001, "test/0_reward": 106.10000000000001, "test/0_episode_length": 106.10000000000001, "debugger/reward_stds": 0.0, "debugger/reward_stds_nor": 0.0}