{"train/full_episode_length": 31, "train/0_reward": 31.0, "train/0_episode_length": 31, "0_step": 500, "train_step": 500, "test_step": 2, "_timestamp": 1679168335, "_runtime": 10, "_step": 33, "0/epsilon": 1.0, "test/full_episode_length": 24.799999999999997, "test/0_reward": 24.799999999999997, "test/0_episode_length": 24.799999999999997}