{"train/full_episode_length": 24, "train/0_reward": 24.0, "train/0_episode_length": 24, "0_step": 500, "train_step": 500, "test_step": 2, "_timestamp": 1679163968, "_runtime": 43, "_step": 31, "0/epsilon": 1.0, "test/full_episode_length": 23.200000000000003, "test/0_reward": 23.200000000000003, "test/0_episode_length": 23.200000000000003}