{"train/full_episode_length": 9, "train/0_reward": 9.0, "train/0_episode_length": 9, "0_step": 5002, "train_step": 5002, "test_step": 26, "_timestamp": 1679191408, "_runtime": 29, "_step": 5643, "debugger/entropy": 0.12139493227005005, "0/epsilon": 0.1, "test/full_episode_length": 9.700000000000003, "test/0_reward": 9.700000000000003, "test/0_episode_length": 9.700000000000003, "_wandb": {"runtime": 28}}