{"debugger/entropy": 0.6929707527160645, "_timestamp": 1678915922, "_runtime": 20, "_step": 499, "0/epsilon": 1.0, "0_step": 500, "train_step": 500, "test_step": 2, "train/full_episode_length": 28, "train/0_reward": 28.0, "train/0_episode_length": 28, "test/full_episode_length": 10.200000000000003, "test/0_reward": 10.200000000000003, "test/0_episode_length": 10.200000000000003, "_wandb": {"runtime": 23}}