{"debugger/reward_stds": 53.40724182128906, "debugger/reward_stds_nor": 0.13351809978485107, "_timestamp": 1678910691, "_runtime": 23, "_step": 7998, "debugger/entropy": 0.6620362997055054, "_wandb": {"runtime": 35}}