{"debugger/reward_stds": 10.066446304321289, "debugger/reward_stds_nor": 0.025166114792227745, "_timestamp": 1678909417, "_runtime": 12, "_step": 0, "_wandb": {"runtime": 10}}