{"debugger/reward_variance": 94.56684878375133, "_timestamp": 1678763963, "_runtime": 146, "_step": 188312, "debugger/entropy": 0.5881551504135132, "_wandb": {"runtime": 145}}