{"debugger/reward_stds": 224.58924865722656, "debugger/reward_stds_nor": 0.5614731907844543, "_timestamp": 1678909933, "_runtime": 126, "_step": 137735, "debugger/entropy": 0.5759080052375793}