{"debugger/entropy": 0.6929125785827637, "_timestamp": 1679172845, "_runtime": 103, "_step": 258, "0/epsilon": 1.0, "0_step": 250, "train_step": 250, "test_step": 1, "train/full_episode_length": 11, "train/0_reward": 11.0, "train/0_episode_length": 11, "test/full_episode_length": 9.700000000000001, "test/0_reward": 9.700000000000001, "test/0_episode_length": 9.700000000000001, "_wandb": {"runtime": 118}}