{"debugger/reward_stds": 136.31947326660156, "debugger/reward_stds_nor": 0.3407987058162689, "_timestamp": 1678910196, "_runtime": 198, "_step": 188110, "debugger/entropy": 0.5881551504135132, "_wandb": {"runtime": 197}}