{"train/full_episode_length": 11, "train/0_reward": 11.0, "train/0_episode_length": 11, "0_step": 357, "train_step": 357, "test_step": 1, "_timestamp": 1679204288, "_runtime": 75, "_step": 61, "0/epsilon": 1.0, "test/full_episode_length": 10.500000000000002, "test/0_reward": 10.500000000000002, "test/0_episode_length": 10.500000000000002, "debugger/reward_stds": 7.211102485656738}