{"train/full_episode_length": 41, "train/0_reward": 41.0, "train/0_episode_length": 41, "0_step": 500, "train_step": 500, "test_step": 2, "_timestamp": 1679155517, "_runtime": 9, "_step": 37, "0/epsilon": 1.0, "test/full_episode_length": 10.100000000000001, "test/0_reward": 10.100000000000001, "test/0_episode_length": 10.100000000000001}