{"train/full_episode_length": 44, "train/0_reward": 44.0, "train/0_episode_length": 44, "0_step": 500, "train_step": 500, "test_step": 2, "_timestamp": 1679168256, "_runtime": 16, "_step": 32, "0/epsilon": 1.0, "test/full_episode_length": 10.400000000000002, "test/0_reward": 10.400000000000002, "test/0_episode_length": 10.400000000000002}