{"train/full_episode_length": 9, "train/0_reward": 9.0, "train/0_episode_length": 9, "0_step": 510, "train_step": 510, "test_step": 2, "_timestamp": 1679257257, "_runtime": 110, "_step": 32, "0/epsilon": 1.0, "test/full_episode_length": 10.000000000000002, "test/0_reward": 10.000000000000002, "test/0_episode_length": 10.000000000000002, "_wandb": {"runtime": 114}}