{"train/full_episode_length": 38, "train/0_reward": 38.0, "train/0_episode_length": 38, "0_step": 500, "train_step": 500, "test_step": 2, "_timestamp": 1679179298, "_runtime": 48, "_step": 27, "0/epsilon": 1.0, "test/full_episode_length": 10.600000000000001, "test/0_reward": 10.600000000000001, "test/0_episode_length": 10.600000000000001}