{"train/full_episode_length": 25, "train/0_reward": 25.0, "train/0_episode_length": 25, "0_step": 500, "train_step": 500, "test_step": 2, "_timestamp": 1679159949, "_runtime": 10, "_step": 28, "0/epsilon": 1.0, "test/full_episode_length": 9.900000000000002, "test/0_reward": 9.900000000000002, "test/0_episode_length": 9.900000000000002}