{"train/full_episode_length": 11, "train/0_reward": 11.0, "train/0_episode_length": 11, "0_step": 700, "train_step": 700, "test_step": 3, "_timestamp": 1679180129, "_runtime": 129, "_step": 59, "0/epsilon": 0.1, "test/full_episode_length": 10.100000000000001, "test/0_reward": 10.100000000000001, "test/0_episode_length": 10.100000000000001}