{"debugger/entropy": 0.6928843259811401, "_timestamp": 1678916455, "_runtime": 13, "_step": 754, "train/full_episode_length": 22, "train/0_reward": 22.0, "train/0_episode_length": 22, "0_step": 500, "train_step": 500, "test_step": 2, "0/epsilon": 1.0, "test/full_episode_length": 47.199999999999996, "test/0_reward": 47.199999999999996, "test/0_episode_length": 47.199999999999996, "debugger/reward_stds": 17.785762786865234, "debugger/reward_stds_nor": 0.0912090390920639, "_wandb": {"runtime": 12}}