{"train/full_episode_length": 19, "train/0_reward": 19.0, "train/0_episode_length": 19, "0_step": 300, "train_step": 300, "test_step": 1, "_timestamp": 1679239667, "_runtime": 33, "_step": 19, "0/epsilon": 1.0, "test/full_episode_length": 10.600000000000001, "test/0_reward": 10.600000000000001, "test/0_episode_length": 10.600000000000001}