{"train/full_episode_length": 9, "train/0_reward": 9.0, "train/0_episode_length": 9, "0_step": 5001, "train_step": 5001, "test_step": 26, "_timestamp": 1679232323, "_runtime": 56, "_step": 5524, "0/epsilon": 0.1, "debugger/reward_stds": [1.0, 0.5773502588272095, 0.5773502588272095, 4.358899116516113, 0.5773502588272095], "test/full_episode_length": 10.500000000000002, "test/0_reward": 10.500000000000002, "test/0_episode_length": 10.500000000000002, "_wandb": {"runtime": 54}}