{"train/full_episode_length": 22, "train/0_reward": 22.0, "train/0_episode_length": 22, "0_step": 500, "train_step": 500, "test_step": 2, "_timestamp": 1679161174, "_runtime": 9, "_step": 34, "0/epsilon": 1.0, "test/full_episode_length": 13.200000000000001, "test/0_reward": 13.200000000000001, "test/0_episode_length": 13.200000000000001}