{"train/full_episode_length": 9, "train/0_reward": 9.0, "train/0_episode_length": 9, "0_step": 500, "train_step": 500, "test_step": 2, "_timestamp": 1678913352, "_runtime": 7, "_step": 44, "0/epsilon": 1.0, "test/full_episode_length": 10.700000000000001, "test/0_reward": 10.700000000000001, "test/0_episode_length": 10.700000000000001, "debugger/entropy": 0.690579891204834, "_wandb": {"runtime": 5}}