{"debugger/entropy": 0.692122757434845, "_timestamp": 1680151250, "_runtime": 12, "_step": 74, "train/full_episode_length": 11, "train/0_reward": 11.0, "train/0_episode_length": 11, "0_step": 523, "train_step": 523, "test_step": 2, "0/epsilon": 1.0, "test/full_episode_length": 10.200000000000003, "test/0_reward": 10.200000000000003, "test/0_episode_length": 10.200000000000003, "debugger/reward_stds": 7.234178066253662}