{"train/full_episode_length": 100, "train/0_reward": 100.0, "train/0_episode_length": 100, "0_step": 5027, "train_step": 5027, "test_step": 26, "_timestamp": 1679231419, "_runtime": 50, "_step": 242, "0/epsilon": 0.1, "test/full_episode_length": 108.39999999999999, "test/0_reward": 108.39999999999999, "test/0_episode_length": 108.39999999999999, "debugger/reward_stds": 46.92902374267578, "_wandb": {"runtime": 47}}