{"debugger/entropy": 0.6885191798210144, "_timestamp": 1680416981, "_runtime": 158, "_step": 1381, "debugger/reward_stds": 62.23343276977539, "_wandb": {"runtime": 155}}