{"debugger/entropy": 0.6925477981567383, "_timestamp": 1678916392, "_runtime": 52, "_step": 701, "train/full_episode_length": 18, "train/0_reward": 18.0, "train/0_episode_length": 18, "0_step": 500, "train_step": 500, "test_step": 2, "0/epsilon": 1.0, "test/full_episode_length": 10.400000000000002, "test/0_reward": 10.400000000000002, "test/0_episode_length": 10.400000000000002, "debugger/reward_stds": 14.73091983795166, "debugger/reward_stds_nor": 0.07554318010807037, "_wandb": {"runtime": 52}}