{"debugger/reward_stds": 116.71475219726562, "debugger/reward_stds_nor": 0.29178690910339355, "_timestamp": 1678910945, "_runtime": 198, "_step": 188312, "debugger/entropy": 0.5881551504135132, "_wandb": {"runtime": 196}}