{"debugger/entropy": 0.6928688883781433, "_timestamp": 1678916173, "_runtime": 5, "_step": 760, "train/full_episode_length": 25, "train/0_reward": 25.0, "train/0_episode_length": 25, "0_step": 500, "train_step": 500, "test_step": 2, "0/epsilon": 1.0, "test/full_episode_length": 10.200000000000001, "test/0_reward": 10.200000000000001, "test/0_episode_length": 10.200000000000001, "debugger/reward_stds": 10.598742485046387, "debugger/reward_stds_nor": 0.0543525256216526, "_wandb": {"runtime": 5}}