{"train/full_episode_length": 9, "train/0_reward": 9.0, "train/0_episode_length": 9, "0_step": 5004, "train_step": 5004, "test_step": 26, "_timestamp": 1679191848, "_runtime": 31, "_step": 5645, "debugger/entropy": 0.15617609024047852, "0/epsilon": 0.1, "test/full_episode_length": 10.200000000000001, "test/0_reward": 10.200000000000001, "test/0_episode_length": 10.200000000000001, "_wandb": {"runtime": 29}}