{"debugger/reward_variance": 8942.888888888889, "_timestamp": 1678762713, "_runtime": 237, "_step": 188312, "debugger/entropy": 0.5881551504135132, "_wandb": {"runtime": 237}}