{"train/full_episode_length": 19, "train/0_reward": 19.0, "train/0_episode_length": 19, "0_step": 500, "train_step": 500, "test_step": 2, "_timestamp": 1679155026, "_runtime": 10, "_step": 28, "0/epsilon": 1.0, "test/full_episode_length": 18.699999999999996, "test/0_reward": 18.699999999999996, "test/0_episode_length": 18.699999999999996}