{"train/full_episode_length": 57, "train/0_reward": 57.0, "train/0_episode_length": 57, "0_step": 500, "train_step": 500, "test_step": 2, "_timestamp": 1679157225, "_runtime": 10, "_step": 34, "0/epsilon": 1.0, "test/full_episode_length": 10.500000000000002, "test/0_reward": 10.500000000000002, "test/0_episode_length": 10.500000000000002}