{"debugger/entropy": 0.6692233085632324, "_timestamp": 1680417552, "_runtime": 442, "_step": 3098, "debugger/reward_stds": 48.49742126464844, "_wandb": {"runtime": 439}}