{"debugger/entropy": 0.6909617185592651, "_timestamp": 1680151209, "_runtime": 24, "_step": 65, "train/full_episode_length": 10, "train/0_reward": 10.0, "train/0_episode_length": 10, "0_step": 518, "train_step": 518, "test_step": 2, "0/epsilon": 1.0, "test/full_episode_length": 10.000000000000002, "test/0_reward": 10.000000000000002, "test/0_episode_length": 10.000000000000002, "debugger/reward_stds": 10.11599349975586}