{"train/full_episode_length": 13, "train/0_reward": 13.0, "train/0_episode_length": 13, "0_step": 500, "train_step": 500, "test_step": 2, "_timestamp": 1679239932, "_runtime": 28, "_step": 36, "0/epsilon": 1.0, "test/full_episode_length": 10.200000000000001, "test/0_reward": 10.200000000000001, "test/0_episode_length": 10.200000000000001}