{"debugger/entropy": 0.6929187178611755, "_timestamp": 1678916245, "_runtime": 6, "_step": 783, "train/full_episode_length": 12, "train/0_reward": 12.0, "train/0_episode_length": 12, "0_step": 500, "train_step": 500, "test_step": 2, "0/epsilon": 1.0, "test/full_episode_length": 18.500000000000004, "test/0_reward": 18.500000000000004, "test/0_episode_length": 18.500000000000004, "debugger/reward_stds": 10.692676544189453, "debugger/reward_stds_nor": 0.054834239184856415, "_wandb": {"runtime": 4}}