{"debugger/entropy": 0.6652766466140747, "_timestamp": 1680418569, "_runtime": 124, "_step": 624, "debugger/reward_stds": 27.319101333618164}