{"debugger/reward_stds": 57.23926544189453, "debugger/reward_stds_nor": 0.1430981457233429, "_timestamp": 1678910599, "_runtime": 27, "_step": 7998, "debugger/entropy": 0.6620362997055054, "_wandb": {"runtime": 63}}